RelName,#Attributes,#Records,FirstBlock,LastBlock,#Slots
RELATIONCAT,6.000000,7.000000,4.000000,4.000000,20.000000
ATTRIBUTECAT,6.000000,25.000000,5.000000,6.000000,20.000000
Students,4.000000,0.000000,-1.000000,-1.000000,31.000000
Events,3.000000,0.000000,-1.000000,-1.000000,41.000000
Locations,2.000000,0.000000,-1.000000,-1.000000,61.000000
Participants,2.000000,0.000000,-1.000000,-1.000000,61.000000
NITC,2.000000,0.000000,-1.000000,-1.000000,61.000000
